<metadata xml:lang="en"><Esri><CreaDate>20201019</CreaDate><CreaTime>17210300</CreaTime><ArcGISFormat>1.0</ArcGISFormat><SyncOnce>FALSE</SyncOnce><DataProperties><itemProps><itemName Sync="TRUE">DrownedForest_WGS</itemName><imsContentType Sync="TRUE">002</imsContentType><itemLocation><linkage Sync="TRUE">file://\\MSI\C$\oak-point\SupplementaryData\data\DrownedForest_WGS.shp</linkage><protocol Sync="TRUE">Local Area Network</protocol></itemLocation><itemSize Sync="TRUE">0.000</itemSize></itemProps><coordRef><type Sync="TRUE">Projected</type><geogcsn Sync="TRUE">GCS_WGS_1984</geogcsn><csUnits Sync="TRUE">Linear Unit: Meter (1.000000)</csUnits><projcsn Sync="TRUE">WGS_1984_Web_Mercator_Auxiliary_Sphere</projcsn><peXml Sync="TRUE">&lt;ProjectedCoordinateSystem xsi:type='typens:ProjectedCoordinateSystem' xmlns:xsi='http://www.w3.org/2001/XMLSchema-instance' xmlns:xs='http://www.w3.org/2001/XMLSchema' xmlns:typens='http://www.esri.com/schemas/ArcGIS/2.8.0'&gt;&lt;WKT&gt;PROJCS[&amp;quot;WGS_1984_Web_Mercator_Auxiliary_Sphere&amp;quot;,GEOGCS[&amp;quot;GCS_WGS_1984&amp;quot;,DATUM[&amp;quot;D_WGS_1984&amp;quot;,SPHEROID[&amp;quot;WGS_1984&amp;quot;,6378137.0,298.257223563]],PRIMEM[&amp;quot;Greenwich&amp;quot;,0.0],UNIT[&amp;quot;Degree&amp;quot;,0.0174532925199433]],PROJECTION[&amp;quot;Mercator_Auxiliary_Sphere&amp;quot;],PARAMETER[&amp;quot;False_Easting&amp;quot;,0.0],PARAMETER[&amp;quot;False_Northing&amp;quot;,0.0],PARAMETER[&amp;quot;Central_Meridian&amp;quot;,0.0],PARAMETER[&amp;quot;Standard_Parallel_1&amp;quot;,0.0],PARAMETER[&amp;quot;Auxiliary_Sphere_Type&amp;quot;,0.0],UNIT[&amp;quot;Meter&amp;quot;,1.0],AUTHORITY[&amp;quot;EPSG&amp;quot;,3857]]&lt;/WKT&gt;&lt;XOrigin&gt;-20037700&lt;/XOrigin&gt;&lt;YOrigin&gt;-30241100&lt;/YOrigin&gt;&lt;XYScale&gt;148923141.92838538&lt;/XYScale&gt;&lt;ZOrigin&gt;-100000&lt;/ZOrigin&gt;&lt;ZScale&gt;10000&lt;/ZScale&gt;&lt;MOrigin&gt;-100000&lt;/MOrigin&gt;&lt;MScale&gt;10000&lt;/MScale&gt;&lt;XYTolerance&gt;0.001&lt;/XYTolerance&gt;&lt;ZTolerance&gt;0.001&lt;/ZTolerance&gt;&lt;MTolerance&gt;0.001&lt;/MTolerance&gt;&lt;HighPrecision&gt;true&lt;/HighPrecision&gt;&lt;WKID&gt;102100&lt;/WKID&gt;&lt;LatestWKID&gt;3857&lt;/LatestWKID&gt;&lt;/ProjectedCoordinateSystem&gt;</peXml></coordRef><lineage><Process ToolSource="c:\program files\arcgis\pro\Resources\ArcToolbox\toolboxes\Data Management Tools.tbx\Merge" Date="20201019" Time="172103">Merge memory\points_empty_xy_intermediate;in_memory\table_empty_xy_intermediate C:\Arch\A2020_NS068\scratch\OakPointBerm_GPR\OakPointBerm_GPR.gdb\A2020NS0681014_XYTableToPoint1 "PtID "PtID" true true false 8000 Text 0 0,First,#,in_memory\table_empty_xy_intermediate,PtID,0,8000;X "X" true true false 8 Double 0 0,First,#,in_memory\table_empty_xy_intermediate,X,-1,-1;Y "Y" true true false 8 Double 0 0,First,#,in_memory\table_empty_xy_intermediate,Y,-1,-1;OHeight "OHeight" true true false 8 Double 0 0,First,#,in_memory\table_empty_xy_intermediate,OHeight,-1,-1;LatWGS84 "LatWGS84" true true false 8 Double 0 0,First,#,in_memory\table_empty_xy_intermediate,LatWGS84,-1,-1;LonWGS84 "LonWGS84" true true false 8 Double 0 0,First,#,in_memory\table_empty_xy_intermediate,LonWGS84,-1,-1;EHeightWGS84 "EHeightWGS84" true true false 8 Double 0 0,First,#,in_memory\table_empty_xy_intermediate,EHeightWGS84,-1,-1;CodeGroup "CodeGroup" true true false 8000 Text 0 0,First,#,in_memory\table_empty_xy_intermediate,CodeGroup,0,8000;Code "Code" true true false 8000 Text 0 0,First,#,in_memory\table_empty_xy_intermediate,Code,0,8000;CodeDesc "CodeDesc" true true false 8000 Text 0 0,First,#,in_memory\table_empty_xy_intermediate,CodeDesc,0,8000;Class "Class" true true false 8000 Text 0 0,First,#,in_memory\table_empty_xy_intermediate,Class,0,8000;SubClass "SubClass" true true false 8000 Text 0 0,First,#,in_memory\table_empty_xy_intermediate,SubClass,0,8000;Date "Date" true true false 8 Date 0 0,First,#,in_memory\table_empty_xy_intermediate,Date,-1,-1;Time "Time" true true false 8000 Text 0 0,First,#,in_memory\table_empty_xy_intermediate,Time,0,8000;AntennaH "AntennaH" true true false 8 Double 0 0,First,#,in_memory\table_empty_xy_intermediate,AntennaH,-1,-1;RTKObs "RTKObs" true true false 4 Long 0 0,First,#,in_memory\table_empty_xy_intermediate,RTKObs,-1,-1;GSatsUsed "GSatsUsed" true true false 4 Long 0 0,First,#,in_memory\table_empty_xy_intermediate,GSatsUsed,-1,-1;RSatsUsed "RSatsUsed" true true false 4 Long 0 0,First,#,in_memory\table_empty_xy_intermediate,RSatsUsed,-1,-1;RefStations "RefStations" true true false 4 Long 0 0,First,#,in_memory\table_empty_xy_intermediate,RefStations,-1,-1;Solution "Solution" true true false 8000 Text 0 0,First,#,in_memory\table_empty_xy_intermediate,Solution,0,8000;InNetwork "InNetwork" true true false 8000 Text 0 0,First,#,in_memory\table_empty_xy_intermediate,InNetwork,0,8000;NetType "NetType" true true false 8000 Text 0 0,First,#,in_memory\table_empty_xy_intermediate,NetType,0,8000;NetFormat "NetFormat" true true false 8000 Text 0 0,First,#,in_memory\table_empty_xy_intermediate,NetFormat,0,8000;GDOP "GDOP" true true false 8 Double 0 0,First,#,in_memory\table_empty_xy_intermediate,GDOP,-1,-1;PosQ1D "PosQ1D" true true false 8 Double 0 0,First,#,in_memory\table_empty_xy_intermediate,PosQ1D,-1,-1;PosQ2D "PosQ2D" true true false 8 Double 0 0,First,#,in_memory\table_empty_xy_intermediate,PosQ2D,-1,-1;PosQ3D "PosQ3D" true true false 8 Double 0 0,First,#,in_memory\table_empty_xy_intermediate,PosQ3D,-1,-1;StdDevX "StdDevX" true true false 8 Double 0 0,First,#,in_memory\table_empty_xy_intermediate,StdDevX,-1,-1;StdDevY "StdDevY" true true false 8 Double 0 0,First,#,in_memory\table_empty_xy_intermediate,StdDevY,-1,-1;StdDevZ "StdDevZ" true true false 8 Double 0 0,First,#,in_memory\table_empty_xy_intermediate,StdDevZ,-1,-1" NO_SOURCE_INFO</Process><Process ToolSource="c:\program files\arcgis\pro\Resources\ArcToolbox\toolboxes\Data Management Tools.tbx\XYTableToPoint" Date="20201019" Time="172103">XYTableToPoint A2020NS068-1014.csv C:\Arch\A2020_NS068\scratch\OakPointBerm_GPR\OakPointBerm_GPR.gdb\A2020NS0681014_XYTableToPoint1 X Y OHeight "PROJCS['NAD_1983_CSRS_UTM_Zone_20N',GEOGCS['GCS_North_American_1983_CSRS',DATUM['D_North_American_1983_CSRS',SPHEROID['GRS_1980',6378137.0,298.257222101]],PRIMEM['Greenwich',0.0],UNIT['Degree',0.0174532925199433]],PROJECTION['Transverse_Mercator'],PARAMETER['False_Easting',500000.0],PARAMETER['False_Northing',0.0],PARAMETER['Central_Meridian',-63.0],PARAMETER['Scale_Factor',0.9996],PARAMETER['Latitude_Of_Origin',0.0],UNIT['Meter',1.0]],VERTCS['CGVD2013_height',VDATUM['Canadian_Geodetic_Vertical_Datum_of_2013'],PARAMETER['Vertical_Shift',0.0],PARAMETER['Direction',1.0],UNIT['Meter',1.0]];-5120900 -9998100 10000;-100000 10000;-100000 10000;0.001;0.001;0.001;IsHighPrecision"</Process><Process ToolSource="c:\program files\arcgis\pro\Resources\ArcToolbox\toolboxes\Conversion Tools.tbx\FeatureClassToFeatureClass" Date="20201117" Time="093836">FeatureClassToFeatureClass A2020NS0681014_XYTableToPoint1 C:\Arch\A2020_NS068\scratch\scratch.gdb Drowned_Forest_BgDc07 # "PtID "PtID" true true false 8000 Text 0 0,First,#,A2020NS0681014_XYTableToPoint1,PtID,0,8000;X "X" true true false 8 Double 0 0,First,#,A2020NS0681014_XYTableToPoint1,X,-1,-1;Y "Y" true true false 8 Double 0 0,First,#,A2020NS0681014_XYTableToPoint1,Y,-1,-1;OHeight "OHeight" true true false 8 Double 0 0,First,#,A2020NS0681014_XYTableToPoint1,OHeight,-1,-1;LatWGS84 "LatWGS84" true true false 8 Double 0 0,First,#,A2020NS0681014_XYTableToPoint1,LatWGS84,-1,-1;LonWGS84 "LonWGS84" true true false 8 Double 0 0,First,#,A2020NS0681014_XYTableToPoint1,LonWGS84,-1,-1;EHeightWGS84 "EHeightWGS84" true true false 8 Double 0 0,First,#,A2020NS0681014_XYTableToPoint1,EHeightWGS84,-1,-1;CodeGroup "CodeGroup" true true false 8000 Text 0 0,First,#,A2020NS0681014_XYTableToPoint1,CodeGroup,0,8000;Code "Code" true true false 8000 Text 0 0,First,#,A2020NS0681014_XYTableToPoint1,Code,0,8000;CodeDesc "CodeDesc" true true false 8000 Text 0 0,First,#,A2020NS0681014_XYTableToPoint1,CodeDesc,0,8000;Class "Class" true true false 8000 Text 0 0,First,#,A2020NS0681014_XYTableToPoint1,Class,0,8000;SubClass "SubClass" true true false 8000 Text 0 0,First,#,A2020NS0681014_XYTableToPoint1,SubClass,0,8000;Date "Date" true true false 8 Date 0 0,First,#,A2020NS0681014_XYTableToPoint1,Date,-1,-1;Time "Time" true true false 8000 Text 0 0,First,#,A2020NS0681014_XYTableToPoint1,Time,0,8000;AntennaH "AntennaH" true true false 8 Double 0 0,First,#,A2020NS0681014_XYTableToPoint1,AntennaH,-1,-1;RTKObs "RTKObs" true true false 4 Long 0 0,First,#,A2020NS0681014_XYTableToPoint1,RTKObs,-1,-1;GSatsUsed "GSatsUsed" true true false 4 Long 0 0,First,#,A2020NS0681014_XYTableToPoint1,GSatsUsed,-1,-1;RSatsUsed "RSatsUsed" true true false 4 Long 0 0,First,#,A2020NS0681014_XYTableToPoint1,RSatsUsed,-1,-1;RefStations "RefStations" true true false 4 Long 0 0,First,#,A2020NS0681014_XYTableToPoint1,RefStations,-1,-1;Solution "Solution" true true false 8000 Text 0 0,First,#,A2020NS0681014_XYTableToPoint1,Solution,0,8000;InNetwork "InNetwork" true true false 8000 Text 0 0,First,#,A2020NS0681014_XYTableToPoint1,InNetwork,0,8000;NetType "NetType" true true false 8000 Text 0 0,First,#,A2020NS0681014_XYTableToPoint1,NetType,0,8000;NetFormat "NetFormat" true true false 8000 Text 0 0,First,#,A2020NS0681014_XYTableToPoint1,NetFormat,0,8000;GDOP "GDOP" true true false 8 Double 0 0,First,#,A2020NS0681014_XYTableToPoint1,GDOP,-1,-1;PosQ1D "PosQ1D" true true false 8 Double 0 0,First,#,A2020NS0681014_XYTableToPoint1,PosQ1D,-1,-1;PosQ2D "PosQ2D" true true false 8 Double 0 0,First,#,A2020NS0681014_XYTableToPoint1,PosQ2D,-1,-1;PosQ3D "PosQ3D" true true false 8 Double 0 0,First,#,A2020NS0681014_XYTableToPoint1,PosQ3D,-1,-1;StdDevX "StdDevX" true true false 8 Double 0 0,First,#,A2020NS0681014_XYTableToPoint1,StdDevX,-1,-1;StdDevY "StdDevY" true true false 8 Double 0 0,First,#,A2020NS0681014_XYTableToPoint1,StdDevY,-1,-1;StdDevZ "StdDevZ" true true false 8 Double 0 0,First,#,A2020NS0681014_XYTableToPoint1,StdDevZ,-1,-1" #</Process><Process ToolSource="c:\program files\arcgis\pro\Resources\ArcToolbox\toolboxes\Conversion Tools.tbx\FeatureClassToFeatureClass" Date="20210104" Time="162338">FeatureClassToFeatureClass Drowned_Forest_BgDc07 D:\Arch\Thesis_Article_Submissions\JournalOfArchaeologicalScience\Notebook\GeochronologicalBoundaries.gdb DrownedForest # "X "X" true true false 8 Double 0 0,First,#,Drowned_Forest_BgDc07,X,-1,-1;Y "Y" true true false 8 Double 0 0,First,#,Drowned_Forest_BgDc07,Y,-1,-1;Z "Z" true true false 8 Double 0 0,First,#,Drowned_Forest_BgDc07,OHeight,-1,-1;GDOP "GDOP" true true false 8 Double 0 0,First,#,Drowned_Forest_BgDc07,GDOP,-1,-1;PosQ1D "PosQ1D" true true false 8 Double 0 0,First,#,Drowned_Forest_BgDc07,PosQ1D,-1,-1;PosQ2D "PosQ2D" true true false 8 Double 0 0,First,#,Drowned_Forest_BgDc07,PosQ2D,-1,-1;PosQ3D "PosQ3D" true true false 8 Double 0 0,First,#,Drowned_Forest_BgDc07,PosQ3D,-1,-1;StdDevX "StdDevX" true true false 8 Double 0 0,First,#,Drowned_Forest_BgDc07,StdDevX,-1,-1;StdDevY "StdDevY" true true false 8 Double 0 0,First,#,Drowned_Forest_BgDc07,StdDevY,-1,-1;StdDevZ "StdDevZ" true true false 8 Double 0 0,First,#,Drowned_Forest_BgDc07,StdDevZ,-1,-1" #</Process><Process ToolSource="c:\program files\arcgis\pro\Resources\ArcToolbox\toolboxes\Data Management Tools.tbx\CopyFeatures" Date="20210526" Time="200130">CopyFeatures D:\SupplementaryData\data\data.gdb\DrownedForest D:\SupplementaryData\data\DrownedForest.shp # # # #</Process><Process Name="Feature Class To Feature Class" ToolSource="c:\program files\arcgis\pro\Resources\ArcToolbox\toolboxes\Conversion Tools.tbx\FeatureClassToFeatureClass" Date="20210529" Time="094551">FeatureClassToFeatureClass C:\oak-point\SupplementaryData\data\DrownedForest.shp C:\oak-point\SupplementaryData\data DrownedForest_WGS.shp # # #</Process></lineage></DataProperties><SyncDate>20210529</SyncDate><SyncTime>09455100</SyncTime><ModDate>20210529</ModDate><ModTime>09455100</ModTime></Esri><dataIdInfo><envirDesc Sync="TRUE">Microsoft Windows 10 Version 10.0 (Build 19042) ; Esri ArcGIS 12.8.0.29751</envirDesc><dataLang><languageCode value="eng" Sync="TRUE"></languageCode><countryCode value="CAN" Sync="TRUE"></countryCode></dataLang><idCitation><resTitle Sync="TRUE">DrownedForest_WGS</resTitle><presForm><PresFormCd value="005" Sync="TRUE"></PresFormCd></presForm></idCitation><spatRpType><SpatRepTypCd value="001" Sync="TRUE"></SpatRepTypCd></spatRpType></dataIdInfo><mdLang><languageCode value="eng" Sync="TRUE"></languageCode><countryCode value="CAN" Sync="TRUE"></countryCode></mdLang><mdChar><CharSetCd value="004" Sync="TRUE"></CharSetCd></mdChar><distInfo><distFormat><formatName Sync="TRUE">Shapefile</formatName></distFormat><distTranOps><transSize Sync="TRUE">0.000</transSize></distTranOps></distInfo><mdHrLv><ScopeCd value="005" Sync="TRUE"></ScopeCd></mdHrLv><mdHrLvName Sync="TRUE">dataset</mdHrLvName><refSysInfo><RefSystem><refSysID><identCode code="3857" Sync="TRUE"></identCode><idCodeSpace Sync="TRUE">EPSG</idCodeSpace><idVersion Sync="TRUE">6.18.3(9.3.1.2)</idVersion></refSysID></RefSystem></refSysInfo><spatRepInfo><VectSpatRep><geometObjs Name="DrownedForest_WGS"><geoObjTyp><GeoObjTypCd value="004" Sync="TRUE"></GeoObjTypCd></geoObjTyp><geoObjCnt Sync="TRUE">0</geoObjCnt></geometObjs><topLvl><TopoLevCd value="001" Sync="TRUE"></TopoLevCd></topLvl></VectSpatRep></spatRepInfo><spdoinfo><ptvctinf><esriterm Name="DrownedForest_WGS"><efeatyp Sync="TRUE">Simple</efeatyp><efeageom code="1" Sync="TRUE"></efeageom><esritopo Sync="TRUE">FALSE</esritopo><efeacnt Sync="TRUE">0</efeacnt><spindex Sync="TRUE">FALSE</spindex><linrefer Sync="TRUE">TRUE</linrefer></esriterm></ptvctinf></spdoinfo><eainfo><detailed Name="DrownedForest_WGS"><enttyp><enttypl Sync="TRUE">DrownedForest_WGS</enttypl><enttypt Sync="TRUE">Feature Class</enttypt><enttypc Sync="TRUE">0</enttypc></enttyp><attr><attrlabl Sync="TRUE">FID</attrlabl><attalias Sync="TRUE">FID</attalias><attrtype Sync="TRUE">OID</attrtype><attwidth Sync="TRUE">4</attwidth><atprecis Sync="TRUE">0</atprecis><attscale Sync="TRUE">0</attscale><attrdef Sync="TRUE">Internal feature number.</attrdef><attrdefs Sync="TRUE">Esri</attrdefs><attrdomv><udom Sync="TRUE">Sequential unique whole numbers that are automatically generated.</udom></attrdomv></attr><attr><attrlabl Sync="TRUE">Shape</attrlabl><attalias Sync="TRUE">Shape</attalias><attrtype Sync="TRUE">Geometry</attrtype><attwidth Sync="TRUE">0</attwidth><atprecis Sync="TRUE">0</atprecis><attscale Sync="TRUE">0</attscale><attrdef Sync="TRUE">Feature geometry.</attrdef><attrdefs Sync="TRUE">Esri</attrdefs><attrdomv><udom Sync="TRUE">Coordinates defining the features.</udom></attrdomv></attr><attr><attrlabl Sync="TRUE">Id</attrlabl><attalias Sync="TRUE">Id</attalias><attrtype Sync="TRUE">Integer</attrtype><attwidth Sync="TRUE">6</attwidth><atprecis Sync="TRUE">6</atprecis><attscale Sync="TRUE">0</attscale></attr></detailed></eainfo><mdDateSt Sync="TRUE">20210529</mdDateSt></metadata>
